{
    "raw": {
        "avg_latency": 0.027534306049346924,
        "min_latency": 0.019985437393188477,
        "max_latency": 0.042975425720214844
    },
    "basic": {
        "avg_latency": 0.021387577056884766,
        "min_latency": 0.01698923110961914,
        "max_latency": 0.028983592987060547
    },
    "full": {
        "avg_latency": 0.0094948410987854,
        "min_latency": 0.007995128631591797,
        "max_latency": 0.011991739273071289
    }
}