{
    "raw": {
        "avg_latency": 0.0287825345993042,
        "min_latency": 0.020978927612304688,
        "max_latency": 0.04297471046447754
    },
    "basic": {
        "avg_latency": 0.02613508701324463,
        "min_latency": 0.016988754272460938,
        "max_latency": 0.04197573661804199
    },
    "full": {
        "avg_latency": 0.014791572093963623,
        "min_latency": 0.008992671966552734,
        "max_latency": 0.04697465896606445
    }
}