{
    "raw": {
        "avg_latency": 0.026884639263153078,
        "min_latency": 0.019983291625976562,
        "max_latency": 0.0439755916595459
    }
}