{
    "raw": {
        "avg_latency": 0.028683602809906006,
        "min_latency": 0.019985437393188477,
        "max_latency": 0.0419766902923584
    },
    "basic": {
        "avg_latency": 0.019288861751556398,
        "min_latency": 0.016981840133666992,
        "max_latency": 0.025988340377807617
    }
}